event_type,return,abs_return,direction
premarket_open,0.0015574314744362106,0.0015574314744362106,1.0
market_open,-0.01641090912603138,0.01641090912603138,-1.0
market_close,0.002323814662245738,0.002323814662245738,1.0
postmarket_close,-0.004165425573146919,0.004165425573146919,-1.0
premarket_open,-0.0002693904825772364,0.0002693904825772364,-1.0
market_open,0.021980783062074627,0.021980783062074627,1.0
market_close,0.0007455202845898512,0.0007455202845898512,1.0
postmarket_close,-0.00048790120225317146,0.00048790120225317146,-1.0
premarket_open,0.004897333637192247,0.004897333637192247,1.0
market_open,-0.011293925448970565,0.011293925448970565,-1.0
market_close,-0.00032994606387382053,0.00032994606387382053,-1.0
postmarket_close,0.002239513317308095,0.002239513317308095,1.0
premarket_open,-0.0034738220423695676,0.0034738220423695676,-1.0
market_open,-0.002687485013171731,0.002687485013171731,-1.0
market_close,0.002593005398819015,0.002593005398819015,1.0
postmarket_close,0.006756052872217033,0.006756052872217033,1.0
premarket_open,0.0009680218935452789,0.0009680218935452789,1.0
market_open,-0.00013643605681845639,0.00013643605681845639,-1.0
market_close,-0.008107558474723664,0.008107558474723664,-1.0
postmarket_close,-0.0018240038631660571,0.0018240038631660571,-1.0
premarket_open,0.004545518242920821,0.004545518242920821,1.0
market_open,0.0016311486040223588,0.0016311486040223588,1.0
market_close,0.00020616614570312386,0.00020616614570312386,1.0
postmarket_close,-0.008837623079141599,0.008837623079141599,-1.0
premarket_open,0.0022980076086682732,0.0022980076086682732,1.0
market_open,-0.006279172586331594,0.006279172586331594,-1.0
market_close,0.00324433620999498,0.00324433620999498,1.0
postmarket_close,0.0020529080225677454,0.0020529080225677454,1.0
premarket_open,-0.0014214594666371871,0.0014214594666371871,-1.0
market_open,-0.009115672025436505,0.009115672025436505,-1.0
market_close,0.00024048134765797258,0.00024048134765797258,1.0
postmarket_close,0.001315359155006357,0.001315359155006357,1.0
premarket_open,0.0014540815158219367,0.0014540815158219367,1.0
market_open,0.0020876176688868764,0.0020876176688868764,1.0
market_close,0.0017336606989009073,0.0017336606989009073,1.0
postmarket_close,-0.0020050719412499918,0.0020050719412499918,-1.0
premarket_open,0.001603274835958457,0.001603274835958457,1.0
market_open,0.005508300735901361,0.005508300735901361,1.0
market_close,-0.001145764848257791,0.001145764848257791,-1.0
postmarket_close,0.0009841378941370937,0.0009841378941370937,1.0
premarket_open,-0.0011555150408465442,0.0011555150408465442,-1.0
market_open,0.004847697213960389,0.004847697213960389,1.0
market_close,0.0009271704292665994,0.0009271704292665994,1.0
postmarket_close,-0.0006488822564538754,0.0006488822564538754,-1.0
premarket_open,0.0001570580859158177,0.0001570580859158177,1.0
market_open,0.0029635855096716845,0.0029635855096716845,1.0
market_close,0.0005574649603901083,0.0005574649603901083,1.0
postmarket_close,-0.0020716330999301924,0.0020716330999301924,-1.0
premarket_open,0.0008630548160293294,0.0008630548160293294,1.0
market_open,0.0024756938481265145,0.0024756938481265145,1.0
market_close,0.0016401105982144504,0.0016401105982144504,1.0
postmarket_close,0.0029240500325049545,0.0029240500325049545,1.0
premarket_open,-0.0007022177139288655,0.0007022177139288655,-1.0
market_open,-0.0011860656911996115,0.0011860656911996115,-1.0
market_close,-0.00011120300475242484,0.00011120300475242484,-1.0
postmarket_close,0.0005985297326567274,0.0005985297326567274,1.0
premarket_open,-0.0016885991351582863,0.0016885991351582863,-1.0
market_open,-0.0012838277308931945,0.0012838277308931945,-1.0
market_close,0.00041630940171732966,0.00041630940171732966,1.0
postmarket_close,0.0014557115957203326,0.0014557115957203326,1.0
premarket_open,-0.0007401362262478006,0.0007401362262478006,-1.0
market_open,-0.00234634981300319,0.00234634981300319,-1.0
market_close,0.0018697058019856438,0.0018697058019856438,1.0
postmarket_close,-0.002061986301369889,0.002061986301369889,-1.0
premarket_open,-0.0007222527181058869,0.0007222527181058869,-1.0
market_open,0.0026679589509692736,0.0026679589509692736,1.0
market_close,0.0032330111819021123,0.0032330111819021123,1.0
postmarket_close,-0.0007925660566786563,0.0007925660566786563,-1.0
premarket_open,-0.0006927033541370697,0.0006927033541370697,-1.0
market_open,0.00030288521815191594,0.00030288521815191594,1.0
market_close,-0.0014050183318057297,0.0014050183318057297,-1.0
postmarket_close,0.0006039963201134313,0.0006039963201134313,1.0
premarket_open,-3.088014591923205e-06,3.088014591923205e-06,-1.0
market_open,0.003381956924463525,0.003381956924463525,1.0
market_close,-0.0005543620100755264,0.0005543620100755264,-1.0
postmarket_close,-0.0011627399818279205,0.0011627399818279205,-1.0
premarket_open,-0.0006128110365132278,0.0006128110365132278,-1.0
market_open,0.0011716294967090146,0.0011716294967090146,1.0
market_close,0.0010605719403000702,0.0010605719403000702,1.0
postmarket_close,0.0010098713353061672,0.0010098713353061672,1.0
premarket_open,-0.0022071047135409083,0.0022071047135409083,-1.0
market_open,0.005425911537804362,0.005425911537804362,1.0
market_close,0.0011243299270227158,0.0011243299270227158,1.0
postmarket_close,-0.0021908966959782727,0.0021908966959782727,-1.0
premarket_open,0.0015819891933068764,0.0015819891933068764,1.0
market_open,0.0052775625731287246,0.0052775625731287246,1.0
market_close,0.001024154512287101,0.001024154512287101,1.0
postmarket_close,-0.001090808642528307,0.001090808642528307,-1.0
premarket_open,0.0029510951256681572,0.0029510951256681572,1.0
market_open,-0.0013091312017963208,0.0013091312017963208,-1.0
market_close,-0.010881042596432744,0.010881042596432744,-1.0
postmarket_close,0.0002701028685814233,0.0002701028685814233,1.0
premarket_open,4.1826003824185776e-05,4.1826003824185776e-05,1.0
market_open,-0.004696218528239426,0.004696218528239426,-1.0
market_close,0.0022185666333065512,0.0022185666333065512,1.0
postmarket_close,0.000646145428238043,0.000646145428238043,1.0
premarket_open,-0.001592352160727839,0.001592352160727839,-1.0
market_open,-0.0020146540528719337,0.0020146540528719337,-1.0
market_close,0.000779074003356639,0.000779074003356639,1.0
postmarket_close,0.0023743370140687503,0.0023743370140687503,1.0
premarket_open,0.0004911699547691661,0.0004911699547691661,1.0
market_open,-0.0004152840932366564,0.0004152840932366564,-1.0
market_close,-0.0020676266533730114,0.0020676266533730114,-1.0
postmarket_close,0.0017255116550181082,0.0017255116550181082,1.0
premarket_open,0.00033997014175279894,0.00033997014175279894,1.0
market_open,0.00041476247264382593,0.00041476247264382593,1.0
market_close,-0.002361493205278009,0.002361493205278009,-1.0
postmarket_close,-0.009246874790501791,0.009246874790501791,-1.0
premarket_open,0.0018335320069309269,0.0018335320069309269,1.0
market_open,-0.0006834840159581912,0.0006834840159581912,-1.0
market_close,0.001911326378539524,0.001911326378539524,1.0
postmarket_close,0.0012053013344406338,0.0012053013344406338,1.0
premarket_open,-0.0020626609442060406,0.0020626609442060406,-1.0
market_open,0.0037234273541695284,0.0037234273541695284,1.0
market_close,0.000981214428944055,0.000981214428944055,1.0
postmarket_close,0.0025566941131642817,0.0025566941131642817,1.0
premarket_open,-0.0018323721280985028,0.0018323721280985028,-1.0
market_open,0.006728984399043236,0.006728984399043236,1.0
market_close,0.0018188863396997323,0.0018188863396997323,1.0
postmarket_close,0.0003590060007858664,0.0003590060007858664,1.0
premarket_open,3.3269162388771534e-05,3.3269162388771534e-05,1.0
market_open,0.006088900700762512,0.006088900700762512,1.0
market_close,-0.001741890522734546,0.001741890522734546,-1.0
postmarket_close,-0.003879515887658891,0.003879515887658891,-1.0
premarket_open,0.0012114152591728988,0.0012114152591728988,1.0
market_open,0.0011975251460858427,0.0011975251460858427,1.0
market_close,-0.001475958105212949,0.001475958105212949,-1.0
postmarket_close,0.003872585106609483,0.003872585106609483,1.0
premarket_open,0.0010251169169490648,0.0010251169169490648,1.0
market_open,0.00019464664817170352,0.00019464664817170352,1.0
market_close,0.0013594951124609178,0.0013594951124609178,1.0
postmarket_close,0.00015128846351819547,0.00015128846351819547,1.0
premarket_open,0.00017111618078158308,0.00017111618078158308,1.0
market_open,-0.001959780823443502,0.001959780823443502,-1.0
market_close,-0.0012720225510923777,0.0012720225510923777,-1.0
postmarket_close,0.0016895179969036445,0.0016895179969036445,1.0
premarket_open,-0.0006961827025356859,0.0006961827025356859,-1.0
market_open,0.0005101669923732732,0.0005101669923732732,1.0
market_close,-0.0001232842546839974,0.0001232842546839974,-1.0
postmarket_close,0.000998499940665587,0.000998499940665587,1.0
premarket_open,0.0009808234120458614,0.0009808234120458614,1.0
market_open,-0.0005659331338855322,0.0005659331338855322,-1.0
market_close,-0.002259639464920249,0.002259639464920249,-1.0
postmarket_close,-1.1401226718277258e-07,1.1401226718277258e-07,-1.0
premarket_open,-0.00016219090276425874,0.00016219090276425874,-1.0
market_open,0.005665365786633458,0.005665365786633458,1.0
market_close,0.0018094269321224932,0.0018094269321224932,1.0
postmarket_close,0.003542848912542862,0.003542848912542862,1.0
premarket_open,-7.61515105363042e-05,7.61515105363042e-05,-1.0
market_open,-0.0026543212063644406,0.0026543212063644406,-1.0
market_close,0.0019018579771619137,0.0019018579771619137,1.0
postmarket_close,0.0008280023762490263,0.0008280023762490263,1.0
premarket_open,0.002634165690858614,0.002634165690858614,1.0
market_open,0.002080285219923761,0.002080285219923761,1.0
market_close,0.0016653585505288504,0.0016653585505288504,1.0
postmarket_close,0.0031868145561053662,0.0031868145561053662,1.0
premarket_open,-0.0009769426796601977,0.0009769426796601977,-1.0
market_open,0.002267724818548089,0.002267724818548089,1.0
market_close,0.0015691016624190812,0.0015691016624190812,1.0
postmarket_close,0.0007194299197688103,0.0007194299197688103,1.0
premarket_open,0.0009798704205841169,0.0009798704205841169,1.0
market_open,-0.00031137516777224317,0.00031137516777224317,-1.0
market_close,-3.757820235616993e-05,3.757820235616993e-05,-1.0
postmarket_close,0.0018370536369380908,0.0018370536369380908,1.0
premarket_open,-0.0007362937244771439,0.0007362937244771439,-1.0
market_open,0.004086745358091948,0.004086745358091948,1.0
market_close,0.0008027262113148304,0.0008027262113148304,1.0
postmarket_close,-0.0011037921012442276,0.0011037921012442276,-1.0
premarket_open,0.0006800172173897501,0.0006800172173897501,1.0
market_open,-0.0011664401392249557,0.0011664401392249557,-1.0
market_close,2.115148694947777e-05,2.115148694947777e-05,1.0
postmarket_close,0.0016371934419894263,0.0016371934419894263,1.0
premarket_open,-0.00043787343703660664,0.00043787343703660664,-1.0
market_open,0.0014919503867110162,0.0014919503867110162,1.0
market_close,0.00171241135711786,0.00171241135711786,1.0
postmarket_close,0.00035695531133850267,0.00035695531133850267,1.0
premarket_open,0.0012240754499868167,0.0012240754499868167,1.0
market_open,0.004541969762261511,0.004541969762261511,1.0
market_close,-0.00014646115929406456,0.00014646115929406456,-1.0
postmarket_close,-0.0011151963496348616,0.0011151963496348616,-1.0
premarket_open,-0.00017121549251686297,0.00017121549251686297,-1.0
market_open,0.0010038464277855041,0.0010038464277855041,1.0
market_close,0.0024410557457337223,0.0024410557457337223,1.0
postmarket_close,-0.0006819318915898265,0.0006819318915898265,-1.0
premarket_open,-0.0013182392240221885,0.0013182392240221885,-1.0
market_open,-0.00024003975499409247,0.00024003975499409247,-1.0
market_close,0.0008325743912029893,0.0008325743912029893,1.0
postmarket_close,0.0006849002188047404,0.0006849002188047404,1.0
premarket_open,-0.0006118044872396311,0.0006118044872396311,-1.0
market_open,-0.000762360783726268,0.000762360783726268,-1.0
market_close,3.131239226683569e-05,3.131239226683569e-05,1.0
postmarket_close,0.0019471207936994084,0.0019471207936994084,1.0
premarket_open,-0.0005084949662710336,0.0005084949662710336,-1.0
market_open,0.0006488442863159527,0.0006488442863159527,1.0
market_close,-0.0031459599704856123,0.0031459599704856123,-1.0
postmarket_close,0.000568371856801031,0.000568371856801031,1.0
premarket_open,-0.000907561311375038,0.000907561311375038,-1.0
market_open,-0.0011664838931708665,0.0011664838931708665,-1.0
market_close,-0.00023317584433935057,0.00023317584433935057,-1.0
postmarket_close,0.0007416466324539073,0.0007416466324539073,1.0
premarket_open,-0.0013177962233562601,0.0013177962233562601,-1.0
market_open,0.00469890651859739,0.00469890651859739,1.0
market_close,-0.0012095032144989748,0.0012095032144989748,-1.0
postmarket_close,0.0016464893408956183,0.0016464893408956183,1.0
premarket_open,0.0024135044099609093,0.0024135044099609093,1.0
market_open,-0.0016451157693762042,0.0016451157693762042,-1.0
market_close,-0.0014011728881510033,0.0014011728881510033,-1.0
postmarket_close,0.0008548820413858405,0.0008548820413858405,1.0
premarket_open,-0.0017841085271317336,0.0017841085271317336,-1.0
market_open,0.0009557513882261226,0.0009557513882261226,1.0
market_close,-0.00030572971870557186,0.00030572971870557186,-1.0
postmarket_close,-0.0014339821496438532,0.0014339821496438532,-1.0
premarket_open,-0.0020220064307234775,0.0020220064307234775,-1.0
market_open,-0.003901277271651904,0.003901277271651904,-1.0
market_close,-0.0029065139030953757,0.0029065139030953757,-1.0
postmarket_close,-0.0010531507692107533,0.0010531507692107533,-1.0
premarket_open,0.0023107963547237542,0.0023107963547237542,1.0
market_open,-0.0020665112874643787,0.0020665112874643787,-1.0
market_close,0.0003818984751835508,0.0003818984751835508,1.0
postmarket_close,-0.0034067337461299863,0.0034067337461299863,-1.0
premarket_open,-0.0019045100495089784,0.0019045100495089784,-1.0
market_open,0.0032663694872219207,0.0032663694872219207,1.0
market_close,-0.0013854439261197227,0.0013854439261197227,-1.0
postmarket_close,0.002211539180005273,0.002211539180005273,1.0
premarket_open,0.0007035534056243353,0.0007035534056243353,1.0
market_open,0.000267144170555067,0.000267144170555067,1.0
market_close,0.00114817177847093,0.00114817177847093,1.0
postmarket_close,0.0027339444470206864,0.0027339444470206864,1.0
premarket_open,0.000816846766540813,0.000816846766540813,1.0
market_open,0.0012649264441266794,0.0012649264441266794,1.0
market_close,0.0015953718325960597,0.0015953718325960597,1.0
postmarket_close,0.002496759115176328,0.002496759115176328,1.0
premarket_open,0.0007132564254215268,0.0007132564254215268,1.0
market_open,-0.0036970110068199613,0.0036970110068199613,-1.0
market_close,-0.001170547364584884,0.001170547364584884,-1.0
postmarket_close,-0.0023370812046348277,0.0023370812046348277,-1.0
premarket_open,0.00029837227557250046,0.00029837227557250046,1.0
market_open,0.0014981265203080074,0.0014981265203080074,1.0
market_close,-0.00017683493733589017,0.00017683493733589017,-1.0
postmarket_close,0.0033466621115600947,0.0033466621115600947,1.0
premarket_open,0.0008678137394693142,0.0008678137394693142,1.0
market_open,-0.0009609256683292822,0.0009609256683292822,-1.0
market_close,-0.0018893040102548886,0.0018893040102548886,-1.0
postmarket_close,-0.0019055975565249739,0.0019055975565249739,-1.0
premarket_open,4.375742850726283e-05,4.375742850726283e-05,1.0
market_open,-0.0016138191193333373,0.0016138191193333373,-1.0
market_close,-7.046901786733617e-05,7.046901786733617e-05,-1.0
postmarket_close,-0.002602344078437957,0.002602344078437957,-1.0
premarket_open,-0.001213402916073747,0.001213402916073747,-1.0
market_open,-0.0033533556482798765,0.0033533556482798765,-1.0
market_close,-0.0011012112671673346,0.0011012112671673346,-1.0
postmarket_close,-0.0027739681402768612,0.0027739681402768612,-1.0
premarket_open,-0.0011096619581998368,0.0011096619581998368,-1.0
market_open,0.0009660371746349483,0.0009660371746349483,1.0
market_close,0.0007458090035787901,0.0007458090035787901,1.0
postmarket_close,0.004311034877072517,0.004311034877072517,1.0
premarket_open,-1.777949508896537e-05,1.777949508896537e-05,-1.0
market_open,0.0032190485243097644,0.0032190485243097644,1.0
market_close,0.001709504848872223,0.001709504848872223,1.0
postmarket_close,-0.0007595424007138529,0.0007595424007138529,-1.0
premarket_open,-0.003597889002997512,0.003597889002997512,-1.0
market_open,0.00029563416879985205,0.00029563416879985205,1.0
market_close,0.001424504005154148,0.001424504005154148,1.0
postmarket_close,0.00044803761032041756,0.00044803761032041756,1.0
premarket_open,0.0005847094621977966,0.0005847094621977966,1.0
market_open,0.0010176770099616927,0.0010176770099616927,1.0
market_close,0.000704094149067469,0.000704094149067469,1.0
postmarket_close,0.0017084422836619595,0.0017084422836619595,1.0
premarket_open,-0.0006369745114401804,0.0006369745114401804,-1.0
market_open,9.229888135853237e-05,9.229888135853237e-05,1.0
market_close,6.328274155364966e-05,6.328274155364966e-05,1.0
postmarket_close,0.0009409702624627592,0.0009409702624627592,1.0
premarket_open,0.000703508447451151,0.000703508447451151,1.0
market_open,0.0011499911871089008,0.0011499911871089008,1.0
market_close,0.0032544510604284316,0.0032544510604284316,1.0
postmarket_close,0.0002556408553144873,0.0002556408553144873,1.0
premarket_open,0.0005247789470126385,0.0005247789470126385,1.0
market_open,-0.0005818677610830436,0.0005818677610830436,-1.0
market_close,-0.0010856823829153983,0.0010856823829153983,-1.0
postmarket_close,-0.000819142893885072,0.000819142893885072,-1.0
premarket_open,-0.0008312375385172155,0.0008312375385172155,-1.0
market_open,0.0021509438487365973,0.0021509438487365973,1.0
market_close,0.0026689237484260886,0.0026689237484260886,1.0
postmarket_close,-0.0004512622651674514,0.0004512622651674514,-1.0
premarket_open,0.00043984996697465917,0.00043984996697465917,1.0
market_open,-0.0011038035694580506,0.0011038035694580506,-1.0
market_close,-0.001022007909966427,0.001022007909966427,-1.0
postmarket_close,-0.0014502089905309434,0.0014502089905309434,-1.0
premarket_open,-0.0008070195644065414,0.0008070195644065414,-1.0
market_open,-0.0030819119120181204,0.0030819119120181204,-1.0
market_close,0.0005611237901888,0.0005611237901888,1.0
postmarket_close,-0.0005954593122734497,0.0005954593122734497,-1.0
premarket_open,-0.0007444421867774942,0.0007444421867774942,-1.0
market_open,0.001962077420180952,0.001962077420180952,1.0
market_close,0.0014613072065772226,0.0014613072065772226,1.0
postmarket_close,-0.007165276415754707,0.007165276415754707,-1.0
premarket_open,-0.0002854703061235808,0.0002854703061235808,-1.0
market_open,0.004009523698885076,0.004009523698885076,1.0
market_close,-0.0007992487479131505,0.0007992487479131505,-1.0
postmarket_close,-0.0022743869389014737,0.0022743869389014737,-1.0
premarket_open,-0.0007641350998319751,0.0007641350998319751,-1.0
market_open,0.003777525243116253,0.003777525243116253,1.0
market_close,-0.0015378367218016331,0.0015378367218016331,-1.0
postmarket_close,-0.001143710459695968,0.001143710459695968,-1.0
premarket_open,-0.0010541620068902358,0.0010541620068902358,-1.0
market_open,-0.0014351901873855821,0.0014351901873855821,-1.0
market_close,-0.0006330824734848139,0.0006330824734848139,-1.0
postmarket_close,0.0018427592248126956,0.0018427592248126956,1.0
premarket_open,0.0007341597529717525,0.0007341597529717525,1.0
market_open,0.0012213033181529553,0.0012213033181529553,1.0
market_close,-0.0033386012943423804,0.0033386012943423804,-1.0
postmarket_close,-0.0032650728397585205,0.0032650728397585205,-1.0
premarket_open,0.0003235442347213624,0.0003235442347213624,1.0
market_open,-0.0023945035680483784,0.0023945035680483784,-1.0
market_close,0.00016438593174838978,0.00016438593174838978,1.0
postmarket_close,-0.001592851615116908,0.001592851615116908,-1.0
premarket_open,-0.001221219241130167,0.001221219241130167,-1.0
market_open,0.0013242117454848046,0.0013242117454848046,1.0
market_close,-0.0015759906285359726,0.0015759906285359726,-1.0
postmarket_close,-0.00023709888592571282,0.00023709888592571282,-1.0
premarket_open,-0.0023017944986611916,0.0023017944986611916,-1.0
market_open,-0.0025137610642413932,0.0025137610642413932,-1.0
market_close,0.00012328899170999108,0.00012328899170999108,1.0
postmarket_close,0.0001199437776620016,0.0001199437776620016,1.0
premarket_open,0.0005830654997229789,0.0005830654997229789,1.0
market_open,0.0012813161184215272,0.0012813161184215272,1.0
market_close,-0.0017962564793334579,0.0017962564793334579,-1.0
postmarket_close,-6.898020380918801e-05,6.898020380918801e-05,-1.0
premarket_open,0.0018452534121762287,0.0018452534121762287,1.0
market_open,0.001613523844203657,0.001613523844203657,1.0
market_close,-0.00047123245983526907,0.00047123245983526907,-1.0
postmarket_close,-0.0008597651882221724,0.0008597651882221724,-1.0
premarket_open,-0.002777925492053246,0.002777925492053246,-1.0
market_open,0.003283011664278357,0.003283011664278357,1.0
market_close,-0.0022733451923282466,0.0022733451923282466,-1.0
postmarket_close,-0.0014016377375775102,0.0014016377375775102,-1.0
premarket_open,-0.0012670266341950898,0.0012670266341950898,-1.0
market_open,-0.0004007562160877054,0.0004007562160877054,-1.0
market_close,0.0008048954672119635,0.0008048954672119635,1.0
postmarket_close,-0.0008169864436478047,0.0008169864436478047,-1.0
premarket_open,0.0014338745800619446,0.0014338745800619446,1.0
market_open,-0.0001814988732256051,0.0001814988732256051,-1.0
market_close,-0.0013704490179580198,0.0013704490179580198,-1.0
postmarket_close,0.0004289558018133466,0.0004289558018133466,1.0
premarket_open,0.0005752031766059762,0.0005752031766059762,1.0
market_open,-0.0019804585867722047,0.0019804585867722047,-1.0
market_close,-0.001039086004617995,0.001039086004617995,-1.0
postmarket_close,0.00010769287699385899,0.00010769287699385899,1.0
premarket_open,-0.0006680652377725194,0.0006680652377725194,-1.0
market_open,0.0007238717262583183,0.0007238717262583183,1.0
market_close,0.00043349459038877214,0.00043349459038877214,1.0
postmarket_close,6.70247440663907e-05,6.70247440663907e-05,1.0
premarket_open,0.0014583428759662453,0.0014583428759662453,1.0
market_open,-0.000569486755861659,0.000569486755861659,-1.0
market_close,-0.000938997026752042,0.000938997026752042,-1.0
postmarket_close,0.000575909850789591,0.000575909850789591,1.0
premarket_open,0.0009197036978194628,0.0009197036978194628,1.0
market_open,-0.0008649093904448124,0.0008649093904448124,-1.0
market_close,7.122162544836996e-05,7.122162544836996e-05,1.0
postmarket_close,-0.00038245406484527233,0.00038245406484527233,-1.0
premarket_open,-0.0014092982679839716,0.0014092982679839716,-1.0
market_open,-0.000985169108521755,0.000985169108521755,-1.0
market_close,0.0008021366830155419,0.0008021366830155419,1.0
postmarket_close,-0.0006831948922617626,0.0006831948922617626,-1.0
premarket_open,0.0003531236851961328,0.0003531236851961328,1.0
market_open,0.0022005253871861807,0.0022005253871861807,1.0
market_close,0.0012653901255936795,0.0012653901255936795,1.0
postmarket_close,0.0016417236657333412,0.0016417236657333412,1.0
premarket_open,-0.00045446952555416864,0.00045446952555416864,-1.0
market_open,-0.002778835236115551,0.002778835236115551,-1.0
market_close,0.003313915001738277,0.003313915001738277,1.0
postmarket_close,6.3200604850433e-05,6.3200604850433e-05,1.0
premarket_open,-0.000476655650185398,0.000476655650185398,-1.0
market_open,0.002327007930497116,0.002327007930497116,1.0
market_close,0.0010496667816808358,0.0010496667816808358,1.0
postmarket_close,0.00044406709747435436,0.00044406709747435436,1.0
premarket_open,0.00019692323342357376,0.00019692323342357376,1.0
market_open,0.0005877451033182712,0.0005877451033182712,1.0
market_close,-0.0007546033866131507,0.0007546033866131507,-1.0
postmarket_close,0.002024053047837704,0.002024053047837704,1.0
premarket_open,-0.001148003626425309,0.001148003626425309,-1.0
market_open,-0.0053780166141444985,0.0053780166141444985,-1.0
market_close,-0.0011637964680170088,0.0011637964680170088,-1.0
postmarket_close,-0.002570337410865542,0.002570337410865542,-1.0
premarket_open,0.002107940855372137,0.002107940855372137,1.0
market_open,-0.004479925393833906,0.004479925393833906,-1.0
market_close,0.0020652984422389054,0.0020652984422389054,1.0
postmarket_close,-0.0005240748470318746,0.0005240748470318746,-1.0
premarket_open,0.0015837405223251277,0.0015837405223251277,1.0
market_open,-0.000572760213000012,0.000572760213000012,-1.0
market_close,0.0006320776751749246,0.0006320776751749246,1.0
postmarket_close,0.0005545260232342475,0.0005545260232342475,1.0
premarket_open,0.0021625791329453747,0.0021625791329453747,1.0
market_open,1.2300631822892427e-05,1.2300631822892427e-05,1.0
market_close,0.003609773398262517,0.003609773398262517,1.0
postmarket_close,0.001494750334602557,0.001494750334602557,1.0
premarket_open,0.00038713096759468435,0.00038713096759468435,1.0
market_open,-0.0034632397981352314,0.0034632397981352314,-1.0
market_close,0.0021098762497231416,0.0021098762497231416,1.0
postmarket_close,0.000747836116450129,0.000747836116450129,1.0
premarket_open,0.0005815143470453421,0.0005815143470453421,1.0
market_open,-0.00023242410436408178,0.00023242410436408178,-1.0
market_close,0.002115369157016378,0.002115369157016378,1.0
postmarket_close,-0.0013316692235079142,0.0013316692235079142,-1.0
premarket_open,-0.0021619748076761036,0.0021619748076761036,-1.0
market_open,0.0015821762805610096,0.0015821762805610096,1.0
market_close,-0.000590794121030358,0.000590794121030358,-1.0
postmarket_close,-0.0006823282911695427,0.0006823282911695427,-1.0
premarket_open,-0.001462635576252369,0.001462635576252369,-1.0
market_open,-0.0005476754300667297,0.0005476754300667297,-1.0
market_close,0.000775996607294438,0.000775996607294438,1.0
postmarket_close,-0.0014076934816316111,0.0014076934816316111,-1.0
premarket_open,-0.00019768421529420266,0.00019768421529420266,-1.0
market_open,0.004553240420607452,0.004553240420607452,1.0
market_close,-9.551723466993955e-05,9.551723466993955e-05,-1.0
postmarket_close,-0.0005005755769261766,0.0005005755769261766,-1.0
premarket_open,-0.0014295690503378644,0.0014295690503378644,-1.0
market_open,-0.003195791826729577,0.003195791826729577,-1.0
market_close,0.0011118420102664839,0.0011118420102664839,1.0
postmarket_close,3.395860284616248e-05,3.395860284616248e-05,1.0
premarket_open,-0.0012896350079300012,0.0012896350079300012,-1.0
market_open,0.0008947084170165542,0.0008947084170165542,1.0
market_close,-0.0006528869981963226,0.0006528869981963226,-1.0
postmarket_close,0.0007175804671648578,0.0007175804671648578,1.0
premarket_open,0.00020601425400013085,0.00020601425400013085,1.0
market_open,-0.0015864383575311392,0.0015864383575311392,-1.0
market_close,-0.001198320309265699,0.001198320309265699,-1.0
postmarket_close,0.00015024020597764753,0.00015024020597764753,1.0
premarket_open,-0.00026247599425976986,0.00026247599425976986,-1.0
market_open,0.002781539458807103,0.002781539458807103,1.0
market_close,-0.0003275422587546428,0.0003275422587546428,-1.0
postmarket_close,-0.00013342814050154583,0.00013342814050154583,-1.0
premarket_open,-0.0007921146061835582,0.0007921146061835582,-1.0
market_open,0.0007959881721464335,0.0007959881721464335,1.0
market_close,0.000444324287210085,0.000444324287210085,1.0
postmarket_close,-0.004108474539855411,0.004108474539855411,-1.0
premarket_open,0.0030948564065849116,0.0030948564065849116,1.0
market_open,-0.0008030483872291105,0.0008030483872291105,-1.0
market_close,-0.000652209588147934,0.000652209588147934,-1.0
postmarket_close,-0.0007788410370946908,0.0007788410370946908,-1.0
premarket_open,0.00022218099675885838,0.00022218099675885838,1.0
market_open,-0.002712031814519289,0.002712031814519289,-1.0
market_close,0.00102541590836136,0.00102541590836136,1.0
postmarket_close,0.0009329169356628864,0.0009329169356628864,1.0
premarket_open,0.0005461095969596652,0.0005461095969596652,1.0
market_open,-0.0019260270341364683,0.0019260270341364683,-1.0
market_close,0.0009982345963006622,0.0009982345963006622,1.0
postmarket_close,0.0003051465981336321,0.0003051465981336321,1.0
premarket_open,0.000205795210684645,0.000205795210684645,1.0
market_open,0.0011912066842199032,0.0011912066842199032,1.0
market_close,0.0008905160690562131,0.0008905160690562131,1.0
postmarket_close,8.129468487694247e-05,8.129468487694247e-05,1.0
premarket_open,0.00021226852943323493,0.00021226852943323493,1.0
market_open,0.0024084226550560306,0.0024084226550560306,1.0
market_close,0.0005391604304374464,0.0005391604304374464,1.0
postmarket_close,-0.0026966477637531128,0.0026966477637531128,-1.0
premarket_open,-0.000474873099210682,0.000474873099210682,-1.0
market_open,-0.002160068086086153,0.002160068086086153,-1.0
market_close,-0.0005674637680415096,0.0005674637680415096,-1.0
postmarket_close,0.0004630916233510085,0.0004630916233510085,1.0
premarket_open,-0.0007596208158293649,0.0007596208158293649,-1.0
market_open,0.0033990270622803465,0.0033990270622803465,1.0
market_close,6.9851014519173305e-06,6.9851014519173305e-06,1.0
postmarket_close,0.0012215287335419767,0.0012215287335419767,1.0
premarket_open,-0.0014129563586866567,0.0014129563586866567,-1.0
market_open,-0.00023306583337934228,0.00023306583337934228,-1.0
market_close,-0.0014485146235496682,0.0014485146235496682,-1.0
postmarket_close,-0.001246228590182974,0.001246228590182974,-1.0
premarket_open,-0.00021050527096200256,0.00021050527096200256,-1.0
market_open,-0.0012868650858925967,0.0012868650858925967,-1.0
market_close,-0.0008470838339611486,0.0008470838339611486,-1.0
postmarket_close,-0.001542699742312914,0.001542699742312914,-1.0
premarket_open,0.0006914792427155092,0.0006914792427155092,1.0
market_open,0.00273745785395918,0.00273745785395918,1.0
market_close,0.00216270726050638,0.00216270726050638,1.0
postmarket_close,-0.0007199913218579601,0.0007199913218579601,-1.0
premarket_open,0.0010255830480006,0.0010255830480006,1.0
market_open,0.0005419366418470961,0.0005419366418470961,1.0
market_close,-0.0007674794707128729,0.0007674794707128729,-1.0
postmarket_close,-0.00013674754873638229,0.00013674754873638229,-1.0
premarket_open,-0.0012921304936281963,0.0012921304936281963,-1.0
market_open,-0.0015854348015073016,0.0015854348015073016,-1.0
market_close,0.00012035256342790568,0.00012035256342790568,1.0
postmarket_close,-0.0005415091840369479,0.0005415091840369479,-1.0
premarket_open,0.000951761087912617,0.000951761087912617,1.0
market_open,0.00143973386870333,0.00143973386870333,1.0
market_close,-0.000942058514522004,0.000942058514522004,-1.0
postmarket_close,0.0004991366464075497,0.0004991366464075497,1.0
premarket_open,-0.0012229628979913976,0.0012229628979913976,-1.0
market_open,0.004850676029775514,0.004850676029775514,1.0
market_close,0.0005470840255312748,0.0005470840255312748,1.0
postmarket_close,-0.00010411914590091609,0.00010411914590091609,-1.0
premarket_open,-0.0008345918238525929,0.0008345918238525929,-1.0
market_open,-0.0042269913429275885,0.0042269913429275885,-1.0
market_close,-0.0016923919551666833,0.0016923919551666833,-1.0
postmarket_close,-0.0023304443683651588,0.0023304443683651588,-1.0
premarket_open,-0.0009614062057168304,0.0009614062057168304,-1.0
market_open,0.0062592217174333165,0.0062592217174333165,1.0
market_close,-0.00031310696511355207,0.00031310696511355207,-1.0
postmarket_close,0.00010173678119196339,0.00010173678119196339,1.0
premarket_open,-0.0013446209328604741,0.0013446209328604741,-1.0
market_open,0.0019854290471155167,0.0019854290471155167,1.0
market_close,0.0011975871917588865,0.0011975871917588865,1.0
postmarket_close,0.004818596182739832,0.004818596182739832,1.0
premarket_open,0.0003865505828140048,0.0003865505828140048,1.0
market_open,0.001579621870699155,0.001579621870699155,1.0
market_close,-0.0008363159089473937,0.0008363159089473937,-1.0
postmarket_close,0.00019729448820093864,0.00019729448820093864,1.0
premarket_open,0.0008473581566688093,0.0008473581566688093,1.0
market_open,0.0016063439444256034,0.0016063439444256034,1.0
market_close,-0.002595822701982664,0.002595822701982664,-1.0
postmarket_close,0.0008595376298299318,0.0008595376298299318,1.0
premarket_open,-0.0002551081518015197,0.0002551081518015197,-1.0
market_open,0.0029664936175062273,0.0029664936175062273,1.0
market_close,0.0006698688590514035,0.0006698688590514035,1.0
postmarket_close,-0.002072799033591033,0.002072799033591033,-1.0
premarket_open,0.00022466883922556136,0.00022466883922556136,1.0
market_open,-7.823521961825008e-06,7.823521961825008e-06,-1.0
market_close,-0.0005825326679458342,0.0005825326679458342,-1.0
postmarket_close,0.0002951966146109708,0.0002951966146109708,1.0
premarket_open,0.00019134957569111322,0.00019134957569111322,1.0
market_open,-0.00014202449918032656,0.00014202449918032656,-1.0
market_close,-0.0028574344039657973,0.0028574344039657973,-1.0
postmarket_close,0.001187541934014158,0.001187541934014158,1.0
premarket_open,0.00149347576173664,0.00149347576173664,1.0
market_open,-0.00016029224676172849,0.00016029224676172849,-1.0
market_close,0.00036439194248627516,0.00036439194248627516,1.0
postmarket_close,-0.00126836739147973,0.00126836739147973,-1.0
premarket_open,-0.0005136912730761001,0.0005136912730761001,-1.0
market_open,0.004862179037947945,0.004862179037947945,1.0
market_close,0.0003448850516836188,0.0003448850516836188,1.0
postmarket_close,-0.0013977527448209015,0.0013977527448209015,-1.0
premarket_open,0.0017988817161382897,0.0017988817161382897,1.0
market_open,0.0018928334819514614,0.0018928334819514614,1.0
market_close,0.0005070284302743922,0.0005070284302743922,1.0
postmarket_close,0.0012129291346809623,0.0012129291346809623,1.0
premarket_open,-0.0010442333147543392,0.0010442333147543392,-1.0
market_open,-0.0022162960827417644,0.0022162960827417644,-1.0
market_close,-0.0027901024372322114,0.0027901024372322114,-1.0
postmarket_close,-0.00032144878529194454,0.00032144878529194454,-1.0
premarket_open,0.0014263424407343628,0.0014263424407343628,1.0
market_open,0.00378548659832445,0.00378548659832445,1.0
market_close,-0.00018310431300871954,0.00018310431300871954,-1.0
postmarket_close,0.0003105238753631223,0.0003105238753631223,1.0
premarket_open,-0.0006166770611444328,0.0006166770611444328,-1.0
market_open,-0.004306882206348783,0.004306882206348783,-1.0
market_close,0.0008044461520047008,0.0008044461520047008,1.0
postmarket_close,0.0014562590357467542,0.0014562590357467542,1.0
premarket_open,-0.0018648204099187549,0.0018648204099187549,-1.0
market_open,-0.0007268952832534259,0.0007268952832534259,-1.0
market_close,0.0018758189041829798,0.0018758189041829798,1.0
postmarket_close,0.0005646011746864854,0.0005646011746864854,1.0
premarket_open,-0.000572997365439698,0.000572997365439698,-1.0
market_open,0.0026713748973978824,0.0026713748973978824,1.0
market_close,0.0005139166603582712,0.0005139166603582712,1.0
postmarket_close,-4.134989182136284e-05,4.134989182136284e-05,-1.0
premarket_open,0.0006669390747287007,0.0006669390747287007,1.0
market_open,-0.002262169914346468,0.002262169914346468,-1.0
market_close,-0.002101718238382455,0.002101718238382455,-1.0
postmarket_close,0.0002557454083715882,0.0002557454083715882,1.0
premarket_open,0.0007679282618517913,0.0007679282618517913,1.0
market_open,-0.0012199007890534297,0.0012199007890534297,-1.0
market_close,-0.0003776217715375507,0.0003776217715375507,-1.0
postmarket_close,0.0009499632717941964,0.0009499632717941964,1.0
premarket_open,-3.8907558753020766e-05,3.8907558753020766e-05,-1.0
market_open,-0.00022929635236190737,0.00022929635236190737,-1.0
market_close,0.0007614721292386051,0.0007614721292386051,1.0
postmarket_close,0.00023335619137321295,0.00023335619137321295,1.0
premarket_open,-0.0013787436780126061,0.0013787436780126061,-1.0
market_open,-0.00035000206646484955,0.00035000206646484955,-1.0
market_close,-0.0016832513892099943,0.0016832513892099943,-1.0
postmarket_close,0.0016371202051730371,0.0016371202051730371,1.0
premarket_open,-0.00013520478363915345,0.00013520478363915345,-1.0
market_open,-0.0005871388970470903,0.0005871388970470903,-1.0
market_close,-0.0012598584390859369,0.0012598584390859369,-1.0
postmarket_close,-0.0009519331660823305,0.0009519331660823305,-1.0
premarket_open,3.070583739339661e-05,3.070583739339661e-05,1.0
market_open,-0.0008079796809538076,0.0008079796809538076,-1.0
market_close,-0.00031636197427897805,0.00031636197427897805,-1.0
postmarket_close,-0.00029518580978904474,0.00029518580978904474,-1.0
premarket_open,-0.0006002003390598309,0.0006002003390598309,-1.0
market_open,-0.0041457007658676215,0.0041457007658676215,-1.0
market_close,-0.0012358369301731509,0.0012358369301731509,-1.0
postmarket_close,-0.00029120429569495787,0.00029120429569495787,-1.0
premarket_open,0.0008882399819540865,0.0008882399819540865,1.0
market_open,-0.0003447240293124043,0.0003447240293124043,-1.0
market_close,-0.0003666536947816157,0.0003666536947816157,-1.0
postmarket_close,0.0008054834892370355,0.0008054834892370355,1.0
premarket_open,-0.0008417477773818849,0.0008417477773818849,-1.0
market_open,0.0008557729588294372,0.0008557729588294372,1.0
market_close,0.00030237480520067805,0.00030237480520067805,1.0
postmarket_close,0.00014920970597187555,0.00014920970597187555,1.0
premarket_open,0.0011315955291102409,0.0011315955291102409,1.0
market_open,-0.00035453064241619536,0.00035453064241619536,-1.0
market_close,0.00427560689956219,0.00427560689956219,1.0
postmarket_close,-0.0010116731090984432,0.0010116731090984432,-1.0
premarket_open,4.298731737240047e-05,4.298731737240047e-05,1.0
market_open,-0.00022826560766087134,0.00022826560766087134,-1.0
market_close,-0.0009083302032374396,0.0009083302032374396,-1.0
postmarket_close,-0.0005336103863508024,0.0005336103863508024,-1.0
premarket_open,0.00011525450460458941,0.00011525450460458941,1.0
market_open,0.001586207642334747,0.001586207642334747,1.0
market_close,0.00040382190211318836,0.00040382190211318836,1.0
postmarket_close,0.0003103226281340188,0.0003103226281340188,1.0
premarket_open,-0.0013399512339548059,0.0013399512339548059,-1.0
market_open,0.00015605551084618696,0.00015605551084618696,1.0
market_close,0.001048013737852349,0.001048013737852349,1.0
postmarket_close,0.0004856462557225605,0.0004856462557225605,1.0
premarket_open,0.0010157498061988957,0.0010157498061988957,1.0
market_open,0.002187869039629753,0.002187869039629753,1.0
market_close,-0.00036780179847684114,0.00036780179847684114,-1.0
postmarket_close,0.0016092415623742973,0.0016092415623742973,1.0
premarket_open,-0.0008585232405898813,0.0008585232405898813,-1.0
market_open,-0.002283542379577619,0.002283542379577619,-1.0
market_close,0.0001240758442400125,0.0001240758442400125,1.0
postmarket_close,0.0007416792083427826,0.0007416792083427826,1.0
premarket_open,0.0007733345773774936,0.0007733345773774936,1.0
market_open,0.001918822325288394,0.001918822325288394,1.0
market_close,-0.0006530938781004192,0.0006530938781004192,-1.0
postmarket_close,-8.190008182751285e-08,8.190008182751285e-08,-1.0
premarket_open,0.0010768970894305951,0.0010768970894305951,1.0
market_open,0.00030147929095969417,0.00030147929095969417,1.0
market_close,-0.0006380428305716723,0.0006380428305716723,-1.0
postmarket_close,0.0007084815141089607,0.0007084815141089607,1.0
premarket_open,0.0013419800705221085,0.0013419800705221085,1.0
market_open,-0.0013242177976564573,0.0013242177976564573,-1.0
market_close,0.0016572414085493925,0.0016572414085493925,1.0
postmarket_close,0.0005338185274565976,0.0005338185274565976,1.0
premarket_open,0.0014618999027959934,0.0014618999027959934,1.0
market_open,-0.0005410686877440618,0.0005410686877440618,-1.0
market_close,0.001747401647610669,0.001747401647610669,1.0
postmarket_close,-0.0018415137322659314,0.0018415137322659314,-1.0
premarket_open,0.0024574964444643577,0.0024574964444643577,1.0
market_open,-0.0014848352296367162,0.0014848352296367162,-1.0
market_close,-0.0001740579649354146,0.0001740579649354146,-1.0
postmarket_close,-0.00010464473113769301,0.00010464473113769301,-1.0
premarket_open,-0.0007541629416185636,0.0007541629416185636,-1.0
market_open,0.0010205006789176796,0.0010205006789176796,1.0
market_close,0.0014936969454475424,0.0014936969454475424,1.0
postmarket_close,-0.0032372696265026146,0.0032372696265026146,-1.0
premarket_open,-0.0007984956387283582,0.0007984956387283582,-1.0
market_open,0.002808906940600764,0.002808906940600764,1.0
market_close,-0.0006858325878850158,0.0006858325878850158,-1.0
postmarket_close,-0.002865194919024261,0.002865194919024261,-1.0
premarket_open,0.0013361856037741315,0.0013361856037741315,1.0
market_open,-0.003026591670366896,0.003026591670366896,-1.0
market_close,-0.0014799162566703217,0.0014799162566703217,-1.0
postmarket_close,-0.004391477943268662,0.004391477943268662,-1.0
premarket_open,0.0011224948390735623,0.0011224948390735623,1.0
market_open,-0.0018533977812659197,0.0018533977812659197,-1.0
market_close,-0.0025526108100125677,0.0025526108100125677,-1.0
postmarket_close,0.004373489501660277,0.004373489501660277,1.0
premarket_open,0.0011130011054210076,0.0011130011054210076,1.0
market_open,0.003127780523750401,0.003127780523750401,1.0
market_close,-0.0014789777258480408,0.0014789777258480408,-1.0
postmarket_close,0.0021365810787297157,0.0021365810787297157,1.0
premarket_open,0.00264281487863105,0.00264281487863105,1.0
market_open,-0.0034110874857946616,0.0034110874857946616,-1.0
market_close,0.002246653892895134,0.002246653892895134,1.0
postmarket_close,0.000977860372620265,0.000977860372620265,1.0
premarket_open,0.00016742102138334047,0.00016742102138334047,1.0
market_open,-0.0016417876244495533,0.0016417876244495533,-1.0
market_close,0.0013062210182492873,0.0013062210182492873,1.0
postmarket_close,-0.0014051124035596718,0.0014051124035596718,-1.0
premarket_open,-0.000284319377758413,0.000284319377758413,-1.0
market_open,0.00266730950755667,0.00266730950755667,1.0
market_close,0.0007894388142495323,0.0007894388142495323,1.0
postmarket_close,0.0033151473591752634,0.0033151473591752634,1.0
premarket_open,-0.0012066972622016836,0.0012066972622016836,-1.0
market_open,-0.0007039059926968738,0.0007039059926968738,-1.0
market_close,-0.0044009050287182605,0.0044009050287182605,-1.0
postmarket_close,0.0004833775788095629,0.0004833775788095629,1.0
premarket_open,-0.00116249921807543,0.00116249921807543,-1.0
market_open,0.0033893069762045425,0.0033893069762045425,1.0
market_close,0.0010560164404760375,0.0010560164404760375,1.0
postmarket_close,0.0004366504377499858,0.0004366504377499858,1.0
premarket_open,0.0012292773780648858,0.0012292773780648858,1.0
market_open,0.0009398145079979603,0.0009398145079979603,1.0
market_close,-0.00012336139233892762,0.00012336139233892762,-1.0
postmarket_close,0.00012079452463154006,0.00012079452463154006,1.0
premarket_open,-0.0010714265841081927,0.0010714265841081927,-1.0
market_open,-0.00012096618851542562,0.00012096618851542562,-1.0
market_close,0.0006641028098599566,0.0006641028098599566,1.0
postmarket_close,0.0016875849572932644,0.0016875849572932644,1.0
premarket_open,-0.0004126640136268289,0.0004126640136268289,-1.0
market_open,-0.004550308823021987,0.004550308823021987,-1.0
market_close,-0.0032888610342968194,0.0032888610342968194,-1.0
postmarket_close,-0.001151695967916866,0.001151695967916866,-1.0
premarket_open,-6.579939991657735e-05,6.579939991657735e-05,-1.0
market_open,0.0024875998400955,0.0024875998400955,1.0
market_close,0.0007991316790425529,0.0007991316790425529,1.0
postmarket_close,-0.0006132445630171457,0.0006132445630171457,-1.0
premarket_open,-0.0019809544041776705,0.0019809544041776705,-1.0
market_open,0.0009948809157831473,0.0009948809157831473,1.0
market_close,0.0013851617477704803,0.0013851617477704803,1.0
postmarket_close,0.005637172774533683,0.005637172774533683,1.0
premarket_open,0.0006231916516485914,0.0006231916516485914,1.0
market_open,0.002066479984350389,0.002066479984350389,1.0
market_close,0.0007562069245174996,0.0007562069245174996,1.0
postmarket_close,0.0006750157066230944,0.0006750157066230944,1.0
premarket_open,0.0016288216287883017,0.0016288216287883017,1.0
market_open,0.0018949062086979218,0.0018949062086979218,1.0
market_close,0.0006792768069394661,0.0006792768069394661,1.0
postmarket_close,0.0010195221348070493,0.0010195221348070493,1.0
premarket_open,-0.0017406698003592513,0.0017406698003592513,-1.0
market_open,-0.006770256811881925,0.006770256811881925,-1.0
market_close,-0.002091698888258331,0.002091698888258331,-1.0
postmarket_close,-0.004409218778433366,0.004409218778433366,-1.0
premarket_open,0.004508566098595734,0.004508566098595734,1.0
market_open,0.0002919381527513032,0.0002919381527513032,1.0
market_close,-0.0017453324732195075,0.0017453324732195075,-1.0
postmarket_close,-0.004343267226870728,0.004343267226870728,-1.0
premarket_open,-0.002900186491778145,0.002900186491778145,-1.0
market_open,-0.0044704887683852945,0.0044704887683852945,-1.0
market_close,-0.0009701319270416509,0.0009701319270416509,-1.0
postmarket_close,-0.0038710170764049145,0.0038710170764049145,-1.0
premarket_open,-0.002434968488469247,0.002434968488469247,-1.0
market_open,-0.007045994534216948,0.007045994534216948,-1.0
market_close,-0.003731725826599197,0.003731725826599197,-1.0
postmarket_close,0.002790003032717925,0.002790003032717925,1.0
premarket_open,0.0006910742424937055,0.0006910742424937055,1.0
market_open,-0.0053955337279478766,0.0053955337279478766,-1.0
market_close,-0.003244482587330455,0.003244482587330455,-1.0
postmarket_close,1.0457903546257086e-05,1.0457903546257086e-05,1.0
premarket_open,0.0023070090853933856,0.0023070090853933856,1.0
market_open,-0.001444414220210688,0.001444414220210688,-1.0
market_close,0.0010353152006623567,0.0010353152006623567,1.0
postmarket_close,0.0017620473145034676,0.0017620473145034676,1.0
premarket_open,0.003142761810801531,0.003142761810801531,1.0
market_open,-0.001636417505620158,0.001636417505620158,-1.0
market_close,0.0012679855751991376,0.0012679855751991376,1.0
postmarket_close,0.0018596120076288525,0.0018596120076288525,1.0
premarket_open,-0.008402062148987866,0.008402062148987866,-1.0
market_open,-0.0013223036917817677,0.0013223036917817677,-1.0
market_close,0.004528325644181708,0.004528325644181708,1.0
postmarket_close,-0.0018198728049148016,0.0018198728049148016,-1.0
premarket_open,0.0006232451653829241,0.0006232451653829241,1.0
market_open,0.009386179731779798,0.009386179731779798,1.0
market_close,0.004773809339645219,0.004773809339645219,1.0
postmarket_close,-0.001414618176582505,0.001414618176582505,-1.0
premarket_open,-0.0024088291174553245,0.0024088291174553245,-1.0
market_open,0.014816622707266136,0.014816622707266136,1.0
market_close,0.002480470605079832,0.002480470605079832,1.0
postmarket_close,-0.00036324238747886817,0.00036324238747886817,-1.0
premarket_open,-0.002299057476327304,0.002299057476327304,-1.0
market_open,0.003738812814441328,0.003738812814441328,1.0
market_close,0.0010097715797314777,0.0010097715797314777,1.0
postmarket_close,-0.0016911478597116947,0.0016911478597116947,-1.0
premarket_open,-0.0024124733629793393,0.0024124733629793393,-1.0
market_open,0.004057859172006184,0.004057859172006184,1.0
market_close,0.0031624192568755483,0.0031624192568755483,1.0
postmarket_close,0.0038016648362435568,0.0038016648362435568,1.0
premarket_open,-0.0007352795918558197,0.0007352795918558197,-1.0
market_open,-0.003028347056117542,0.003028347056117542,-1.0
market_close,0.003960655064243035,0.003960655064243035,1.0
postmarket_close,-0.0009153895893511121,0.0009153895893511121,-1.0
premarket_open,8.20147901599011e-05,8.20147901599011e-05,1.0
market_open,0.014146306432727851,0.014146306432727851,1.0
market_close,-0.001018786657725923,0.001018786657725923,-1.0
postmarket_close,-0.0013573295797305596,0.0013573295797305596,-1.0
premarket_open,-0.0045546592457581525,0.0045546592457581525,-1.0
market_open,0.0013440294024760213,0.0013440294024760213,1.0
market_close,-0.00014434993477319136,0.00014434993477319136,-1.0
postmarket_close,-0.0004931895573211387,0.0004931895573211387,-1.0
premarket_open,-0.00017365855945916664,0.00017365855945916664,-1.0
market_open,-0.0021145888045284167,0.0021145888045284167,-1.0
market_close,-0.0030722936512186383,0.0030722936512186383,-1.0
postmarket_close,-0.001067674460005108,0.001067674460005108,-1.0
premarket_open,-0.0013003175300373426,0.0013003175300373426,-1.0
market_open,0.0006378535683377873,0.0006378535683377873,1.0
market_close,0.0001465501787478729,0.0001465501787478729,1.0
postmarket_close,0.0034822019133378124,0.0034822019133378124,1.0
premarket_open,8.743932940147303e-05,8.743932940147303e-05,1.0
market_open,-0.0030636088045108423,0.0030636088045108423,-1.0
market_close,-0.0009103916105728249,0.0009103916105728249,-1.0
postmarket_close,-0.0017791331267854593,0.0017791331267854593,-1.0
premarket_open,0.00045250304858779344,0.00045250304858779344,1.0
market_open,-0.006624917253075235,0.006624917253075235,-1.0
market_close,-0.000349886169123681,0.000349886169123681,-1.0
postmarket_close,0.0007131067390182544,0.0007131067390182544,1.0
premarket_open,-0.0015080091401470375,0.0015080091401470375,-1.0
market_open,0.0019246554050535991,0.0019246554050535991,1.0
market_close,0.00428751791581683,0.00428751791581683,1.0
postmarket_close,0.005502157875554969,0.005502157875554969,1.0
premarket_open,0.002583383176126164,0.002583383176126164,1.0
market_open,-0.0004651765979520883,0.0004651765979520883,-1.0
market_close,0.002491248168393634,0.002491248168393634,1.0
postmarket_close,-0.0009008278735804787,0.0009008278735804787,-1.0
premarket_open,0.0004187973046918536,0.0004187973046918536,1.0
market_open,0.0008783222230110965,0.0008783222230110965,1.0
market_close,0.00041459882589478525,0.00041459882589478525,1.0
postmarket_close,0.0017632607514255216,0.0017632607514255216,1.0
premarket_open,0.0029917229819567126,0.0029917229819567126,1.0
market_open,-0.0030057710027319162,0.0030057710027319162,-1.0
market_close,0.0017646693069841568,0.0017646693069841568,1.0
postmarket_close,0.002101970886170257,0.002101970886170257,1.0
premarket_open,-0.0021478191124634227,0.0021478191124634227,-1.0
market_open,-0.0031429590254339335,0.0031429590254339335,-1.0
market_close,0.000867508195528055,0.000867508195528055,1.0
postmarket_close,-5.3230599766806996e-05,5.3230599766806996e-05,-1.0
premarket_open,0.0028682221781086703,0.0028682221781086703,1.0
market_open,-0.0039050089072071303,0.0039050089072071303,-1.0
market_close,0.0012295165017766063,0.0012295165017766063,1.0
postmarket_close,-0.0005858619649031782,0.0005858619649031782,-1.0
premarket_open,-0.0008476362980603946,0.0008476362980603946,-1.0
market_open,0.000829205217046658,0.000829205217046658,1.0
market_close,-0.0009156246415790159,0.0009156246415790159,-1.0
postmarket_close,0.000495165461460001,0.000495165461460001,1.0
premarket_open,0.00024815077459638957,0.00024815077459638957,1.0
market_open,-0.0008286949691178602,0.0008286949691178602,-1.0
market_close,-0.004380237543276988,0.004380237543276988,-1.0
postmarket_close,-0.0017306776287921988,0.0017306776287921988,-1.0
premarket_open,4.6460718903462705e-05,4.6460718903462705e-05,1.0
market_open,0.002645020146617716,0.002645020146617716,1.0
market_close,0.004946674571410625,0.004946674571410625,1.0
postmarket_close,0.0018426651791971782,0.0018426651791971782,1.0
premarket_open,-0.0011000366245704774,0.0011000366245704774,-1.0
market_open,0.003323892012477625,0.003323892012477625,1.0
market_close,0.001348459131878199,0.001348459131878199,1.0
postmarket_close,0.00029881643669771307,0.00029881643669771307,1.0
premarket_open,0.0009763840926813039,0.0009763840926813039,1.0
market_open,0.0006124833846401501,0.0006124833846401501,1.0
market_close,-0.002388705799850399,0.002388705799850399,-1.0
postmarket_close,0.002030967272183437,0.002030967272183437,1.0
premarket_open,0.0006535609102193973,0.0006535609102193973,1.0
market_open,0.0038759926220868213,0.0038759926220868213,1.0
market_close,0.0007148304013488982,0.0007148304013488982,1.0
postmarket_close,0.0015014184823323173,0.0015014184823323173,1.0
premarket_open,0.001186054810385695,0.001186054810385695,1.0
market_open,-0.003445623701094025,0.003445623701094025,-1.0
market_close,0.0008417708343522179,0.0008417708343522179,1.0
postmarket_close,-0.00383540718773856,0.00383540718773856,-1.0
premarket_open,-0.0011433796993249867,0.0011433796993249867,-1.0
market_open,-0.003545591722938335,0.003545591722938335,-1.0
market_close,0.0062169967738061604,0.0062169967738061604,1.0
postmarket_close,-0.0024139978935781015,0.0024139978935781015,-1.0
premarket_open,-0.0013262918604839413,0.0013262918604839413,-1.0
market_open,-0.003968085830246215,0.003968085830246215,-1.0
market_close,-0.0017653884654854624,0.0017653884654854624,-1.0
postmarket_close,0.0008449459426629335,0.0008449459426629335,1.0
premarket_open,0.000905700067197035,0.000905700067197035,1.0
market_open,-0.0033703092397966428,0.0033703092397966428,-1.0
market_close,0.0008602050253403437,0.0008602050253403437,1.0
postmarket_close,-0.0007180315706338813,0.0007180315706338813,-1.0
premarket_open,0.0010321553722492105,0.0010321553722492105,1.0
market_open,-0.002979008883402301,0.002979008883402301,-1.0
market_close,-0.0013638720555728678,0.0013638720555728678,-1.0
postmarket_close,0.0011600439742109891,0.0011600439742109891,1.0
premarket_open,0.0007541860436179881,0.0007541860436179881,1.0
market_open,-0.007002439104627611,0.007002439104627611,-1.0
market_close,0.0008536230611169149,0.0008536230611169149,1.0
postmarket_close,0.0005438036587870343,0.0005438036587870343,1.0
premarket_open,-0.0007153079906124793,0.0007153079906124793,-1.0
market_open,2.980295451182613e-05,2.980295451182613e-05,1.0
market_close,0.00026520976886690306,0.00026520976886690306,1.0
postmarket_close,0.0018236916693858962,0.0018236916693858962,1.0
premarket_open,-0.0005167773467168457,0.0005167773467168457,-1.0
market_open,-0.004540175319353801,0.004540175319353801,-1.0
market_close,7.170115324672821e-05,7.170115324672821e-05,1.0
postmarket_close,-0.00020915073360650016,0.00020915073360650016,-1.0
premarket_open,-0.0006674103429062939,0.0006674103429062939,-1.0
market_open,0.004471506996808872,0.004471506996808872,1.0
market_close,0.0009745217430490172,0.0009745217430490172,1.0
postmarket_close,-0.0006805713498487798,0.0006805713498487798,-1.0
premarket_open,4.870683356883454e-05,4.870683356883454e-05,1.0
market_open,-0.0023756807090572485,0.0023756807090572485,-1.0
market_close,0.0010612055080807536,0.0010612055080807536,1.0
postmarket_close,-0.0004852953140390692,0.0004852953140390692,-1.0
premarket_open,0.0015567425712950111,0.0015567425712950111,1.0
market_open,-0.0035088251826869143,0.0035088251826869143,-1.0
market_close,0.000599233350912165,0.000599233350912165,1.0
postmarket_close,0.0016843329927465067,0.0016843329927465067,1.0
premarket_open,0.00038053618916245036,0.00038053618916245036,1.0
market_open,0.00019778715098173194,0.00019778715098173194,1.0
market_close,0.0006224922987256853,0.0006224922987256853,1.0
postmarket_close,-0.0009500871063274907,0.0009500871063274907,-1.0
premarket_open,-0.0003944913399732686,0.0003944913399732686,-1.0
market_open,0.002474690663667012,0.002474690663667012,1.0
market_close,0.00045720966601181523,0.00045720966601181523,1.0
postmarket_close,0.0002585512985853189,0.0002585512985853189,1.0
premarket_open,-0.0006124311298860707,0.0006124311298860707,-1.0
market_open,0.0010897204617466016,0.0010897204617466016,1.0
market_close,-0.0009233578967487999,0.0009233578967487999,-1.0
postmarket_close,0.0005195237095314553,0.0005195237095314553,1.0
premarket_open,0.0011924043904678605,0.0011924043904678605,1.0
market_open,-0.0006875541044648603,0.0006875541044648603,-1.0
market_close,-0.0013119246884314428,0.0013119246884314428,-1.0
postmarket_close,0.001011224756594098,0.001011224756594098,1.0
premarket_open,-0.002071961595747962,0.002071961595747962,-1.0
market_open,0.002440031680325472,0.002440031680325472,1.0
market_close,0.0013615971181633046,0.0013615971181633046,1.0
postmarket_close,-0.0004252981846868398,0.0004252981846868398,-1.0
premarket_open,0.0015752447292809446,0.0015752447292809446,1.0
market_open,-0.000850587904048794,0.000850587904048794,-1.0
market_close,0.0016053426224789114,0.0016053426224789114,1.0
postmarket_close,0.00026925083201567723,0.00026925083201567723,1.0
premarket_open,0.0017582340443871303,0.0017582340443871303,1.0
market_open,-0.0017758998181365282,0.0017758998181365282,-1.0
market_close,0.0012742603072288805,0.0012742603072288805,1.0
postmarket_close,0.0003311258278144713,0.0003311258278144713,1.0
premarket_open,0.00043888704504180254,0.00043888704504180254,1.0
market_open,0.007529057143417228,0.007529057143417228,1.0
market_close,-0.0006652466140029123,0.0006652466140029123,-1.0
postmarket_close,0.00011335471587314849,0.00011335471587314849,1.0
premarket_open,0.002042729690995282,0.002042729690995282,1.0
market_open,0.0031028750033943453,0.0031028750033943453,1.0
market_close,0.0002083494423712473,0.0002083494423712473,1.0
postmarket_close,0.0011205747691753754,0.0011205747691753754,1.0
premarket_open,0.001003898735100206,0.001003898735100206,1.0
market_open,0.0023927092483373436,0.0023927092483373436,1.0
market_close,-0.0018150582144721428,0.0018150582144721428,-1.0
postmarket_close,0.0014518193677235391,0.0014518193677235391,1.0
premarket_open,0.00037219453326220453,0.00037219453326220453,1.0
market_open,-0.006044533491038284,0.006044533491038284,-1.0
market_close,0.0005640312456305363,0.0005640312456305363,1.0
postmarket_close,-0.0013951178195924507,0.0013951178195924507,-1.0
premarket_open,0.0005821731069262093,0.0005821731069262093,1.0
market_open,-0.004433202631587307,0.004433202631587307,-1.0
market_close,-3.788449227604129e-05,3.788449227604129e-05,-1.0
postmarket_close,6.651584852712666e-05,6.651584852712666e-05,1.0
premarket_open,-0.0008983574684248152,0.0008983574684248152,-1.0
market_open,-0.0011612852374965899,0.0011612852374965899,-1.0
market_close,0.0009003461920220612,0.0009003461920220612,1.0
postmarket_close,-0.0010353987741309467,0.0010353987741309467,-1.0
premarket_open,-0.0008787699196629584,0.0008787699196629584,-1.0
market_open,0.003062421076578614,0.003062421076578614,1.0
market_close,0.0006080192569148934,0.0006080192569148934,1.0
postmarket_close,0.000593123078042268,0.000593123078042268,1.0
premarket_open,0.000402702501508978,0.000402702501508978,1.0
market_open,0.002187075239183267,0.002187075239183267,1.0
market_close,-0.0009256876037672113,0.0009256876037672113,-1.0
postmarket_close,0.0005388811958824125,0.0005388811958824125,1.0
premarket_open,0.0010058923382698648,0.0010058923382698648,1.0
market_open,0.000353785341274504,0.000353785341274504,1.0
market_close,0.0017750864475265526,0.0017750864475265526,1.0
postmarket_close,0.0012467603611752143,0.0012467603611752143,1.0
premarket_open,0.0017624683568280286,0.0017624683568280286,1.0
market_open,-0.011309244528015072,0.011309244528015072,-1.0
market_close,0.0015169210379866183,0.0015169210379866183,1.0
postmarket_close,0.0005273170228377033,0.0005273170228377033,1.0
premarket_open,-0.0015940821632050017,0.0015940821632050017,-1.0
market_open,0.00503126864114023,0.00503126864114023,1.0
market_close,0.0009705665563877197,0.0009705665563877197,1.0
postmarket_close,-0.0015574851927989686,0.0015574851927989686,-1.0
premarket_open,-0.0018839564059904834,0.0018839564059904834,-1.0
market_open,-0.004862315036140208,0.004862315036140208,-1.0
market_close,0.0008714033497907447,0.0008714033497907447,1.0
postmarket_close,-0.0003977970604596148,0.0003977970604596148,-1.0
premarket_open,0.0007780672961301693,0.0007780672961301693,1.0
market_open,-0.0022313976592822637,0.0022313976592822637,-1.0
market_close,-0.0007279203568963943,0.0007279203568963943,-1.0
postmarket_close,-0.0012528055755232081,0.0012528055755232081,-1.0
premarket_open,-0.00012933751937227456,0.00012933751937227456,-1.0
market_open,-0.0001321909876260685,0.0001321909876260685,-1.0
market_close,0.0027167940500310017,0.0027167940500310017,1.0
postmarket_close,-0.0006508931965032438,0.0006508931965032438,-1.0
premarket_open,0.00034231786693639243,0.00034231786693639243,1.0
market_open,0.005820800894287714,0.005820800894287714,1.0
market_close,-0.0012267249411664904,0.0012267249411664904,-1.0
postmarket_close,0.0017626242999253527,0.0017626242999253527,1.0
premarket_open,-0.0010572144480425205,0.0010572144480425205,-1.0
market_open,0.006895232026134179,0.006895232026134179,1.0
market_close,0.0038353468509044752,0.0038353468509044752,1.0
postmarket_close,-0.002896848223062465,0.002896848223062465,-1.0
premarket_open,-0.00020711647641424857,0.00020711647641424857,-1.0
market_open,-0.00837734200581619,0.00837734200581619,-1.0
market_close,0.006085214447026255,0.006085214447026255,1.0
postmarket_close,0.0061427294743519045,0.0061427294743519045,1.0
premarket_open,-0.0029404368298330263,0.0029404368298330263,-1.0
market_open,0.0007415787845783672,0.0007415787845783672,1.0
market_close,-0.002198560047227738,0.002198560047227738,-1.0
postmarket_close,0.004996842236141497,0.004996842236141497,1.0
premarket_open,0.009479700158989468,0.009479700158989468,1.0
market_open,0.008299100133482229,0.008299100133482229,1.0
market_close,0.0027541855309689556,0.0027541855309689556,1.0
postmarket_close,0.01554510041033308,0.01554510041033308,1.0
premarket_open,0.0014458732131146235,0.0014458732131146235,1.0
market_open,0.013762720026510022,0.013762720026510022,1.0
market_close,-0.0001192854757148254,0.0001192854757148254,-1.0
postmarket_close,0.0004235398381886579,0.0004235398381886579,1.0
premarket_open,0.0020050534215787508,0.0020050534215787508,1.0
market_open,0.005149380293068884,0.005149380293068884,1.0
market_close,-0.0038693100284130644,0.0038693100284130644,-1.0
postmarket_close,0.00406832051743633,0.00406832051743633,1.0
premarket_open,0.00265641761251012,0.00265641761251012,1.0
market_open,-0.009307166542795398,0.009307166542795398,-1.0
market_close,0.0023293295239861234,0.0023293295239861234,1.0
postmarket_close,-0.0006728212858920779,0.0006728212858920779,-1.0
premarket_open,-0.0019509986999315387,0.0019509986999315387,-1.0
market_open,-0.010985294117647038,0.010985294117647038,-1.0
market_close,0.001915152440983059,0.001915152440983059,1.0
postmarket_close,0.0010434215451207152,0.0010434215451207152,1.0
premarket_open,-0.0010221749255112655,0.0010221749255112655,-1.0
market_open,-0.001625857472524861,0.001625857472524861,-1.0
market_close,0.002988923437341473,0.002988923437341473,1.0
postmarket_close,0.004193352984839915,0.004193352984839915,1.0
premarket_open,0.0011100456432056038,0.0011100456432056038,1.0
market_open,0.0009683287563777565,0.0009683287563777565,1.0
market_close,0.0031078644892568175,0.0031078644892568175,1.0
postmarket_close,-0.0006158611381490431,0.0006158611381490431,-1.0
premarket_open,0.0013985747538713955,0.0013985747538713955,1.0
market_open,0.0031214869548925606,0.0031214869548925606,1.0
market_close,-0.00011206770757321571,0.00011206770757321571,-1.0
postmarket_close,0.0006404051669706146,0.0006404051669706146,1.0
premarket_open,0.00041597282858441,0.00041597282858441,1.0
market_open,-0.006146852970040473,0.006146852970040473,-1.0
market_close,-0.0008752341214376402,0.0008752341214376402,-1.0
postmarket_close,-0.0026758233145350863,0.0026758233145350863,-1.0
premarket_open,-0.0012396373378297243,0.0012396373378297243,-1.0
market_open,0.0011734191932744054,0.0011734191932744054,1.0
market_close,-0.002031888501910273,0.002031888501910273,-1.0
postmarket_close,0.0020836315055918764,0.0020836315055918764,1.0
premarket_open,0.0006059780677154514,0.0006059780677154514,1.0
market_open,0.0018667260365468064,0.0018667260365468064,1.0
market_close,-0.0005228662003115003,0.0005228662003115003,-1.0
postmarket_close,0.0013549230531924028,0.0013549230531924028,1.0
premarket_open,0.0037192109191528377,0.0037192109191528377,1.0
market_open,0.002004588486023806,0.002004588486023806,1.0
market_close,0.000366197099943566,0.000366197099943566,1.0
postmarket_close,0.0009995430491884782,0.0009995430491884782,1.0
premarket_open,0.0016901037875987068,0.0016901037875987068,1.0
market_open,-0.003646295008977729,0.003646295008977729,-1.0
market_close,0.0006835404635170406,0.0006835404635170406,1.0
postmarket_close,-0.004870389344735604,0.004870389344735604,-1.0
premarket_open,-0.0022512251122576155,0.0022512251122576155,-1.0
market_open,0.00276059592174005,0.00276059592174005,1.0
market_close,-0.0037468455738767226,0.0037468455738767226,-1.0
postmarket_close,0.003119224829110534,0.003119224829110534,1.0
premarket_open,2.2737510849912823e-05,2.2737510849912823e-05,1.0
market_open,-0.005023791214072815,0.005023791214072815,-1.0
market_close,0.0004361615527350704,0.0004361615527350704,1.0
postmarket_close,0.003124561449976637,0.003124561449976637,1.0
premarket_open,0.002148365070488989,0.002148365070488989,1.0
market_open,-0.0037440542603793814,0.0037440542603793814,-1.0
market_close,-0.003175449872704683,0.003175449872704683,-1.0
postmarket_close,-0.004399753073564772,0.004399753073564772,-1.0
premarket_open,0.001404758837709963,0.001404758837709963,1.0
market_open,0.0019513652977920515,0.0019513652977920515,1.0
market_close,0.000804028741969498,0.000804028741969498,1.0
postmarket_close,-0.0013407234629333464,0.0013407234629333464,-1.0
premarket_open,0.0011254942707663584,0.0011254942707663584,1.0
